{
    "web": {
        "client_id": "1036548796837-q63bktq29kvtuu9rpt045e296ktduoap.apps.googleusercontent.com",
        "project_id": "durable-unity-204409",
        "auth_uri": "https://accounts.google.com/o/oauth2/auth",
        "token_uri": "https://accounts.google.com/o/oauth2/token",
        "auth_provider_x509_cert_url": "https://www.googleapis.com/oauth2/v1/certs",
        "client_secret": "M09elm1QiDeOdNFkFVoHDFIp",
        "redirect_uris": [
            "http://localhost:5000/login",
            "http://localhost:5000/gconnect"
        ],
        "javascript_origins": [
            "http://localhost:5000"
        ]
    }
}